pair,scope,workload,latency_ns,stdout_bytes,stderr_bytes,retained_fixture_children
0,DirectChild,true,100623439,0,0,0
0,DirectChild,capture,112700120,8388608,8388608,0
0,Managed,true,201688075,0,0,0
0,Managed,capture,212230246,8388608,8388608,0
1,Managed,capture,212214856,8388608,8388608,0
1,Managed,true,201418587,0,0,0
1,DirectChild,capture,12816758,8388608,8388608,0
1,DirectChild,true,101236436,0,0,0
2,DirectChild,true,758106,0,0,0
2,DirectChild,capture,110606402,8388608,8388608,0
2,Managed,true,101079287,0,0,0
2,Managed,capture,211412940,8388608,8388608,0
3,Managed,capture,212294876,8388608,8388608,0
3,Managed,true,101003607,0,0,0
3,DirectChild,capture,112043074,8388608,8388608,0
3,DirectChild,true,100808418,0,0,0
4,DirectChild,true,100843308,0,0,0
4,DirectChild,capture,111461868,8388608,8388608,0
4,Managed,true,100974137,0,0,0
4,Managed,capture,110798861,8388608,8388608,0
5,Managed,capture,211684259,8388608,8388608,0
5,Managed,true,100919148,0,0,0
5,DirectChild,capture,112580061,8388608,8388608,0
5,DirectChild,true,640276,0,0,0
6,DirectChild,true,248679,0,0,0
6,DirectChild,capture,14819816,8388608,8388608,0
6,Managed,true,201005370,0,0,0
6,Managed,capture,113342677,8388608,8388608,0
7,Managed,capture,212588533,8388608,8388608,0
7,Managed,true,101133576,0,0,0
7,DirectChild,capture,112029755,8388608,8388608,0
7,DirectChild,true,648156,0,0,0
8,DirectChild,true,423527,0,0,0
8,DirectChild,capture,111315738,8388608,8388608,0
8,Managed,true,101111416,0,0,0
8,Managed,capture,210547815,8388608,8388608,0
9,Managed,capture,110907021,8388608,8388608,0
9,Managed,true,100921347,0,0,0
9,DirectChild,capture,110432964,8388608,8388608,0
9,DirectChild,true,100712789,0,0,0
10,DirectChild,true,633796,0,0,0
10,DirectChild,capture,111735966,8388608,8388608,0
10,Managed,true,100960327,0,0,0
10,Managed,capture,111663466,8388608,8388608,0
11,Managed,capture,110274944,8388608,8388608,0
11,Managed,true,201331597,0,0,0
11,DirectChild,capture,111493617,8388608,8388608,0
11,DirectChild,true,100777978,0,0,0
12,DirectChild,true,502337,0,0,0
12,DirectChild,capture,109697937,8388608,8388608,0
12,Managed,true,100917548,0,0,0
12,Managed,capture,110303765,8388608,8388608,0
13,Managed,capture,110905661,8388608,8388608,0
13,Managed,true,101354125,0,0,0
13,DirectChild,capture,111785026,8388608,8388608,0
13,DirectChild,true,100699828,0,0,0
14,DirectChild,true,500907,0,0,0
14,DirectChild,capture,109739877,8388608,8388608,0
14,Managed,true,100950357,0,0,0
14,Managed,capture,112776350,8388608,8388608,0
15,Managed,capture,212462534,8388608,8388608,0
15,Managed,true,201224978,0,0,0
15,DirectChild,capture,11917353,8388608,8388608,0
15,DirectChild,true,694576,0,0,0
16,DirectChild,true,100663439,0,0,0
16,DirectChild,capture,111595657,8388608,8388608,0
16,Managed,true,201356537,0,0,0
16,Managed,capture,211154642,8388608,8388608,0
17,Managed,capture,111844735,8388608,8388608,0
17,Managed,true,100921517,0,0,0
17,DirectChild,capture,112299853,8388608,8388608,0
17,DirectChild,true,484347,0,0,0
18,DirectChild,true,266309,0,0,0
18,DirectChild,capture,9883364,8388608,8388608,0
18,Managed,true,101341515,0,0,0
18,Managed,capture,112051094,8388608,8388608,0
19,Managed,capture,211931098,8388608,8388608,0
19,Managed,true,101623054,0,0,0
19,DirectChild,capture,113535836,8388608,8388608,0
19,DirectChild,true,100843867,0,0,0
20,DirectChild,true,676287,0,0,0
20,DirectChild,capture,113258837,8388608,8388608,0
20,Managed,true,201186518,0,0,0
20,Managed,capture,213656628,8388608,8388608,0
21,Managed,capture,212367854,8388608,8388608,0
21,Managed,true,101160446,0,0,0
21,DirectChild,capture,112924379,8388608,8388608,0
21,DirectChild,true,100858818,0,0,0
22,DirectChild,true,632447,0,0,0
22,DirectChild,capture,111485158,8388608,8388608,0
22,Managed,true,100939487,0,0,0
22,Managed,capture,213070731,8388608,8388608,0
23,Managed,capture,110615502,8388608,8388608,0
23,Managed,true,101229106,0,0,0
23,DirectChild,capture,110775752,8388608,8388608,0
23,DirectChild,true,100794638,0,0,0
24,DirectChild,true,100775248,0,0,0
24,DirectChild,capture,111577947,8388608,8388608,0
24,Managed,true,201207828,0,0,0
24,Managed,capture,213317890,8388608,8388608,0
25,Managed,capture,111691706,8388608,8388608,0
25,Managed,true,101193535,0,0,0
25,DirectChild,capture,111449568,8388608,8388608,0
25,DirectChild,true,703986,0,0,0
26,DirectChild,true,335018,0,0,0
26,DirectChild,capture,112219923,8388608,8388608,0
26,Managed,true,201199368,0,0,0
26,Managed,capture,212184206,8388608,8388608,0
27,Managed,capture,211548399,8388608,8388608,0
27,Managed,true,101020567,0,0,0
27,DirectChild,capture,110526653,8388608,8388608,0
27,DirectChild,true,655356,0,0,0
28,DirectChild,true,363968,0,0,0
28,DirectChild,capture,11339986,8388608,8388608,0
28,Managed,true,200969290,0,0,0
28,Managed,capture,211072972,8388608,8388608,0
29,Managed,capture,211769438,8388608,8388608,0
29,Managed,true,101117026,0,0,0
29,DirectChild,capture,110092615,8388608,8388608,0
29,DirectChild,true,100739058,0,0,0
