utc_epoch	owned_descendants	group_pids
1790792167.960	2	71405,71407,71421,71427
1790792169.101	2	71405,71407,71421,71442
1790792170.258	2	71405,71407,71421,71459
1790792171.466	2	71405,71407,71468,71481
1790792172.660	4	71405,71407,71468,71580,71581,71582
1790792173.938	4	71405,71407,71468,71627,71631,71633
1790792175.241	4	71405,71407,71468,71680,71681,71682
1790792176.524	4	71405,71407,71468,71725,71727,71729
1790792177.902	4	71405,71407,71468,71725,71737,71739
1790792179.194	6	71405,71407,71468,71766,71774,71776,71777,71778
1790792180.561	4	71405,71407,71468,71782,71797,71798
1790792181.825	3	71405,71407,71468,71782,71807
1790792183.068	3	71405,71407,71468,71782,71814
1790792184.354	4	71405,71407,71468,71822,71823,71825
1790792185.630	3	71405,71407,71848,71852,71861
1790792186.862	3	71405,71407,71848,71863,71870
1790792188.153	3	71405,71407,71848,71863,71883
1790792189.450	3	71405,71407,71848,71863,71890
1790792190.720	3	71405,71407,71848,71863,71897
1790792191.998	3	71405,71407,71939,71946,71947
1790792193.273	3	71405,71407,71939,71955,71961
1790792194.604	3	71405,71407,71939,71955,71968
1790792195.915	3	71405,71407,71939,71955,71977
1790792197.214	2	71405,71407,71996,72002
1790792199.234	4	71405,71407,71996,72007,72026,72028
1790792201.238	3	71405,71407,71996,72007,72039
1790792202.943	3	71405,71407,71996,72041,72047
1790792204.637	3	71405,71407,71996,72041,72060
1790792206.354	4	71405,71407,71996,72070,72072,72073
1790792207.964	3	71405,71407,71996,72074,72082
1790792209.559	3	71405,71407,71996,72074,72091
1790792211.187	3	71405,71407,71996,72074,72118
1790792212.943	3	71405,71407,71996,72074,72132
1790792214.538	3	71405,71407,71996,72074,72144
1790792216.141	3	71405,71407,71996,72074,72156
1790792217.739	3	71405,71407,71996,72074,72167
1790792219.388	3	71405,71407,71996,72074,72174
1790792221.047	3	71405,71407,71996,72074,72181
1790792222.689	3	71405,71407,71996,72074,72190
1790792224.354	3	71405,71407,71996,72074,72220
1790792226.011	3	71405,71407,71996,72074,72238
1790792227.627	3	71405,71407,71996,72074,72251
1790792229.255	3	71405,71407,71996,72074,72258
1790792230.908	3	71405,71407,71996,72074,72269
1790792232.241	3	71405,71407,71996,72299,72300
1790792233.476	3	71405,71407,72311,72319,72321
1790792234.725	3	71405,71407,72311,72319,72330
1790792236.030	3	71405,71407,72311,72319,72337
1790792237.275	3	71405,71407,72311,72352,72353
1790792238.507	3	71405,71407,72363,72370,72377
1790792239.844	3	71405,71407,72363,72370,72385
1790792241.104	3	71405,71407,72363,72370,72396
1790792242.375	3	71405,71407,72363,72370,72407
1790792243.632	2	71405,71407,72426,72427
1790792244.872	3	71405,71407,72429,72443,72445
1790792246.129	3	71405,71407,72429,72443,72453
1790792247.394	3	71405,71407,72429,72443,72462
1790792248.653	3	71405,71407,72429,72443,72478
1790792249.916	3	71405,71407,72429,72494,72496
1790792251.177	3	71405,71407,72503,72513,72515
1790792252.389	3	71405,71407,72503,72513,72523
1790792253.652	3	71405,71407,72503,72513,72530
1790792254.907	3	71405,71407,72503,72513,72537
