utc_epoch	owned_descendants	owned_tree_rss_bytes
1790919299.832	1	33390592
1790919300.907	4	121229312
1790919301.986	4	123572224
1790919303.059	4	149811200
1790919304.131	6	483618816
1790919305.203	6	295444480
1790919306.279	6	519913472
1790919307.357	6	746303488
1790919308.439	5	283066368
1790919309.511	5	478470144
1790919310.592	5	598089728
1790919311.683	5	735379456
1790919312.764	5	911638528
1790919313.841	5	363134976
1790919314.922	5	189476864
1790919316.005	5	185810944
1790919317.087	5	201486336
1790919318.174	5	202403840
1790919319.261	5	202612736
1790919320.336	5	190275584
1790919321.410	5	190279680
1790919322.486	5	184508416
1790919323.563	6	162086912
1790919324.648	6	190275584
1790919325.725	6	170475520
1790919326.803	6	184508416
1790919327.884	6	162086912
1790919328.959	1	33456128
