label	pid	start_ticks	matching_process_alive
helper	1352109	4464795	0
scoped-supervisor	1352108	4464794	0
command:rustup-install	1352111	4464804	0
command:du	1352120	4464804	0
command:ps	1352121	4464804	0
command:du	1352150	4464906	0
command:ps	1352151	4464906	0
command:du	1352163	4465007	0
command:ps	1352164	4465007	0
command:du	1352177	4465108	0
command:ps	1352178	4465108	0
command:du	1352197	4465209	0
command:ps	1352198	4465210	0
command:du	1352210	4465311	0
command:ps	1352211	4465311	0
command:du	1352230	4465412	0
command:ps	1352231	4465412	0
command:du	1352245	4465513	0
command:ps	1352246	4465513	0
command:du	1352257	4465614	0
command:ps	1352258	4465614	0
command:du	1352263	4465635	0
command:ps	1352264	4465636	0
command:rustc-version	1352265	4465637	0
command:du	1352266	4465637	0
command:ps	1352267	4465637	0
command:du	1352270	4465648	0
command:ps	1352271	4465648	0
command:cargo-version	1352272	4465649	0
command:du	1352273	4465649	0
command:ps	1352277	4465649	0
command:du	1352287	4465660	0
command:ps	1352288	4465660	0
command:require-output-limit-control	1352289	4465661	0
command:du	1352290	4465661	0
command:ps	1352291	4465661	0
command:du	1352312	4465762	0
command:ps	1352313	4465762	0
command:du	1352347	4465863	0
command:ps	1352348	4465864	0
command:du	1352359	4465965	0
command:ps	1352360	4465965	0
command:du	1352401	4466066	0
command:ps	1352403	4466067	0
command:du	1352613	4466168	0
command:ps	1352615	4466169	0
command:du	1352836	4466269	0
command:ps	1352837	4466270	0
command:du	1352979	4466371	0
command:ps	1352980	4466372	0
command:du	1353012	4466473	0
command:ps	1353013	4466474	0
command:du	1353147	4466575	0
command:ps	1353151	4466576	0
command:du	1353222	4466677	0
command:ps	1353223	4466678	0
command:du	1353237	4466779	0
command:ps	1353238	4466779	0
command:du	1353249	4466880	0
command:ps	1353250	4466881	0
command:du	1353268	4466982	0
command:ps	1353269	4466983	0
command:du	1353291	4467084	0
command:ps	1353292	4467085	0
command:du	1353339	4467186	0
command:ps	1353340	4467187	0
command:du	1353356	4467198	0
command:ps	1353357	4467199	0
command:base-prompt-regression-row1	1353359	4467200	0
command:du	1353360	4467201	0
command:ps	1353366	4467201	0
command:du	1353403	4467302	0
command:ps	1353411	4467303	0
command:du	1353423	4467324	0
command:ps	1353424	4467325	0
command:base-held-regression-row1	1353426	4467327	0
command:du	1353427	4467327	0
command:ps	1353432	4467328	0
command:du	1353457	4467429	0
command:ps	1353458	4467429	0
command:du	1353462	4467460	0
command:ps	1353463	4467461	0
command:green-row-1	1353466	4467463	0
command:du	1353467	4467463	0
command:ps	1353472	4467464	0
command:du	1353489	4467475	0
command:ps	1353490	4467476	0
command:green-row-2	1353492	4467477	0
command:du	1353493	4467477	0
command:ps	1353498	4467478	0
command:du	1353782	4467579	0
command:ps	1353791	4467581	0
command:du	1354169	4467684	0
command:ps	1354182	4467686	0
command:du	1354564	4467789	0
command:ps	1354571	4467790	0
command:du	1354914	4467893	0
command:ps	1354915	4467894	0
command:du	1354955	4467996	0
command:ps	1354957	4467997	0
command:du	1354970	4468097	0
command:ps	1354971	4468098	0
command:du	1355005	4468199	0
command:ps	1355006	4468200	0
command:du	1355021	4468301	0
command:ps	1355022	4468302	0
command:du	1355078	4468403	0
command:ps	1355079	4468404	0
command:du	1355108	4468505	0
command:ps	1355109	4468506	0
command:du	1355154	4468587	0
command:ps	1355155	4468588	0
command:green-row-3	1355157	4468590	0
command:du	1355158	4468590	0
command:ps	1355163	4468591	0
command:du	1355192	4468692	0
command:ps	1355193	4468693	0
command:du	1355204	4468793	0
command:ps	1355205	4468794	0
command:du	1355218	4468895	0
command:ps	1355219	4468896	0
command:du	1355239	4468997	0
command:ps	1355240	4468998	0
command:du	1355276	4469099	0
command:ps	1355278	4469100	0
command:du	1355329	4469201	0
command:ps	1355330	4469202	0
command:green-row-4	1355332	4469204	0
command:du	1355333	4469204	0
command:ps	1355338	4469205	0
command:du	1355366	4469306	0
command:ps	1355367	4469307	0
command:du	1355378	4469408	0
command:ps	1355380	4469409	0
command:du	1355391	4469509	0
command:ps	1355392	4469510	0
command:du	1355416	4469611	0
command:ps	1355417	4469612	0
command:du	1355546	4469713	0
command:ps	1355547	4469714	0
command:du	1355604	4469805	0
command:ps	1355605	4469806	0
run-scoped	1352105	4464791	0
scoped_group_live_processes	[]
