label	pid	ppid	pgid	start	command
launcher-ancestry	91224	91223	91223	Wed Sep 30 21:09:11 2026	/Applications/Xcode.app/Contents/Developer/Library/Frameworks/Python3.framework/Versions/3.9/Resources/Python.app/Contents/MacOS/Python /Users/hoppworks/projects/rhai-combined-package-proof/.scratch/combined-package-proof/run-f32-followup.py
launcher-ancestry	91223	91218	91223	Wed Sep 30 21:09:11 2026	/opt/homebrew/Cellar/python@3.14/3.14.7/Frameworks/Python.framework/Versions/3.14/Resources/Python.app/Contents/MacOS/Python /Users/hoppworks/projects/agent-skills/tools/run_scoped.py _supervise 4 python3 /Users/hoppworks/projects/rhai-combined-package-proof/.scratch/combined-package-proof/run-f32-followup.py
lockfile-resolution	91234	91224	91223	Wed Sep 30 21:09:11 2026	/Users/hoppworks/.rustup/toolchains/stable-aarch64-apple-darwin/bin/cargo generate-lockfile
sampled-group-member	91223	91218	91223	Wed Sep 30 21:09:11 2026	/opt/homebrew/Cellar/python@3.14/3.14.7/Frameworks/Python.framework/Versions/3.14/Resources/Python.app/Contents/MacOS/Python /Users/hoppworks/projects/agent-skills/tools/run_scoped.py _supervise 4 python3 /Users/hoppworks/projects/rhai-combined-package-proof/.scratch/combined-package-proof/run-f32-followup.py
sampled-group-member	91224	91223	91223	Wed Sep 30 21:09:11 2026	/Applications/Xcode.app/Contents/Developer/Library/Frameworks/Python3.framework/Versions/3.9/Resources/Python.app/Contents/MacOS/Python /Users/hoppworks/projects/rhai-combined-package-proof/.scratch/combined-package-proof/run-f32-followup.py
sampled-group-member	91234	91224	91223	Wed Sep 30 21:09:11 2026	/Users/hoppworks/.rustup/toolchains/stable-aarch64-apple-darwin/bin/cargo generate-lockfile
sampled-group-member	91237	91224	91223	Wed Sep 30 21:09:12 2026	ps -axo pid=,ppid=,pgid=,lstart=,command=
sampled-group-member	91239	91224	91223	Wed Sep 30 21:09:13 2026	ps -axo pid=,ppid=,pgid=,lstart=,command=
sampled-group-member	91241	91224	91223	Wed Sep 30 21:09:14 2026	ps -axo pid=,ppid=,pgid=,lstart=,command=
sampled-group-member	91252	91224	91223	Wed Sep 30 21:09:15 2026	ps -axo pid=,ppid=,pgid=,lstart=,command=
sampled-group-member	91257	91224	91223	Wed Sep 30 21:09:16 2026	ps -axo pid=,ppid=,pgid=,lstart=,command=
f32-full-row	91265	91224	91223	Wed Sep 30 21:09:17 2026	/Users/hoppworks/.rustup/toolchains/stable-aarch64-apple-darwin/bin/cargo test --locked --jobs 2 --features testing-environ,sys,net,f32_float --test combined_sys_net --test sys_env --test sys_fs --test sys_policy --test net_connect --test net_listen --test net_reads --test net_writes -- --test-threads=1 --nocapture
sampled-group-member	91265	91224	91223	Wed Sep 30 21:09:17 2026	/Users/hoppworks/.rustup/toolchains/stable-aarch64-apple-darwin/bin/cargo test --locked --jobs 2 --features testing-environ,sys,net,f32_float --test combined_sys_net --test sys_env --test sys_fs --test sys_policy --test net_connect --test net_listen --test net_reads --test net_writes -- --test-threads=1 --nocapture
sampled-group-member	91270	91224	91223	Wed Sep 30 21:09:17 2026	ps -axo pid=,ppid=,pgid=,lstart=,command=
sampled-group-member	91329	91265	91223	Wed Sep 30 21:09:18 2026	/Users/hoppworks/.rustup/toolchains/stable-aarch64-apple-darwin/bin/rustc --crate-name libc --edition=2021 /var/folders/yk/m4dzf0ss5x9f4j4z3xb2rrv40000gn/T/agent-build-i1uryakm/cargo-home/registry/src/index.crates.io-1949cf8c6b5b557f/libc-0.2.189/src/lib.rs --error-format=json --json=diagnostic-rendered-ansi,artifacts,future-incompat --crate-type lib --emit=dep-info,metadata,link -C embed-bitcode=no --allow=unused_qualifications --warn=clippy::unnecessary_semicolon --allow=clippy::unnecessary_cast --warn=clippy::ptr_as_ptr --allow=clippy::non_minimal_cfg --allow=clippy::missing_safety_doc --warn=clippy::map_unwrap_or --warn=clippy::manual_assert --allow=clippy::identity_op --warn=clippy::explicit_iter_loop --cfg feature="std" --check-cfg cfg(docsrs,test) --check-cfg cfg(feature, values("align", "const-extern-fn", "default", "extra_traits", "rustc-dep-of-std", "rustc-std-workspace-core", "std", "use_std")) -C metadata=bcf5618841342a47 -C extra-filename=-8e38cc6442bd5814 --out-dir /var/folders/yk/m4dzf0ss5x9f4j4z3xb2rrv40000gn/T/agent-build-i1uryakm/target/debug/deps -C strip=debuginfo -L dependency=/var/folders/yk/m4dzf0ss5x9f4j4z3xb2rrv40000gn/T/agent-build-i1uryakm/target/debug/deps --cap-lints allow --cfg freebsd12 --check-cfg cfg(emscripten_old_stat_abi) --check-cfg cfg(espidf_picolibc) --check-cfg cfg(espidf_time32) --check-cfg cfg(freebsd10) --check-cfg cfg(freebsd11) --check-cfg cfg(freebsd12) --check-cfg cfg(freebsd13) --check-cfg cfg(freebsd14) --check-cfg cfg(freebsd15) --check-cfg cfg(gnu_file_offset_bits64) --check-cfg cfg(gnu_time_bits64) --check-cfg cfg(libc_deny_warnings) --check-cfg cfg(linux_time_bits64) --check-cfg cfg(musl_v1_2_3) --check-cfg cfg(musl32_time64) --check-cfg cfg(musl_redir_time64) --check-cfg cfg(vxworks_lt_25_09) --check-cfg cfg(libc_pauthtest) --check-cfg cfg(target_os,values("switch","aix","ohos","hurd","rtems","visionos","nuttx","cygwin","qurt","qnx")) --check-cfg cfg(target_env,values("illumos","wasi","aix","ohos","nto71_iosock")) --check-cfg cfg(target_arch,values("loongarch64","mips32r6","mips64r6","csky"))
sampled-group-member	91332	91265	91223	Wed Sep 30 21:09:18 2026	/var/folders/yk/m4dzf0ss5x9f4j4z3xb2rrv40000gn/T/agent-build-i1uryakm/target/debug/build/crunchy-a88ce1d0bf7fec36/build-script-build
sampled-group-member	91333	91224	91223	Wed Sep 30 21:09:18 2026	ps -axo pid=,ppid=,pgid=,lstart=,command=
sampled-group-member	91400	91265	91223	Wed Sep 30 21:09:19 2026	(rustc)
sampled-group-member	91401	91265	91223	Wed Sep 30 21:09:19 2026	/Users/hoppworks/.rustup/toolchains/stable-aarch64-apple-darwin/bin/rustc --crate-name build_script_build --edition=2018 /var/folders/yk/m4dzf0ss5x9f4j4z3xb2rrv40000gn/T/agent-build-i1uryakm/cargo-home/registry/src/index.crates.io-1949cf8c6b5b557f/portable-atomic-1.15.0/build.rs --error-format=json --json=diagnostic-rendered-ansi,artifacts,future-incompat --crate-type bin --emit=dep-info,link -C embed-bitcode=no --warn=clippy::unused_trait_names --warn=unreachable_pub --warn=unnameable_types --warn=unexpected_cfgs --warn=clippy::undocumented_unsafe_blocks --warn=clippy::transmute_undefined_repr --warn=clippy::trailing_empty_array --warn=single_use_lifetimes --warn=rust_2018_idioms --warn=clippy::pedantic --warn=non_ascii_idents --warn=clippy::inline_asm_x86_att_syntax --warn=improper_ctypes_definitions --warn=improper_ctypes --warn=deprecated_safe --warn=clippy::default_union_representation --warn=clippy::as_underscore --warn=clippy::as_ptr_cast_mut --warn=clippy::all --allow=clippy::type_complexity --allow=clippy::too_many_lines --allow=clippy::too_many_arguments --allow=clippy::struct_field_names --allow=clippy::struct_excessive_bools --allow=clippy::single_match_else --allow=clippy::single_match --allow=clippy::similar_names --allow=clippy::range_plus_one --allow=clippy::nonminimal_bool --allow=clippy::naive_bytecount --allow=clippy::module_name_repetitions --allow=clippy::missing_errors_doc --allow=clippy::manual_range_contains --allow=clippy::manual_assert --allow=clippy::incompatible_msrv --allow=clippy::float_cmp --allow=clippy::doc_markdown --allow=clippy::declare_interior_mutable_const --allow=clippy::collapsible_match --allow=clippy::cast_lossless --allow=clippy::borrow_as_ptr --allow=clippy::bool_assert_comparison --allow=clippy::assert_is_empty --check-cfg cfg(target_arch,values("xtensa")) --check-cfg cfg(target_arch,values("amdgpu")) --check-cfg cfg(target_arch,values("loongarch32")) --check-cfg cfg(target_os,values("trusty")) --check-cfg cfg(target_os,values("psx")) --check-cfg cfg(target_os,values("zos")) --check-cfg cfg(target_env,values("psx")) --check-cfg cfg(target_feature,values("lse2","lse128","rcpc3")) --check-cfg cfg(target_feature,values("quadword-atomics")) --check-cfg cfg(target_feature,values("zaamo","zabha")) --check-cfg cfg(target_feature,values("zacas")) --check-cfg cfg(target_feature,values("ztso")) --check-cfg cfg(target_feature,values("miscellaneous-extensions-3")) --check-cfg cfg(target_pointer_width,values("128")) --check-cfg cfg(portable_atomic_no_outline_atomics,portable_atomic_outline_atomics,portable_atomic_unstable_f16,portable_atomic_unstable_f128) --check-cfg cfg(portable_atomic_test_detect_false,portable_atomic_test_no_std_static_assert_ffi,qemu,valgrind,valgrind_cross) --check-cfg cfg(docsrs,test) --check-cfg cfg(feature, values("critical-section", "default", "disable-fiq", "fallback", "float", "force-amo", "require-cas", "s-mode", "serde", "std", "unsafe-assume-privileged", "unsafe-assume-single-core")) -C metadata=9b0ccc87133174ee -C extra-filename=-e6f9d96f10582989 --out-dir /var/folders/yk/m4dzf0ss5x9f4j4z3xb2rrv40000gn/T/agent-build-i1uryakm/target/debug/build/portable-atomic-e6f9d96f10582989 -C strip=debuginfo -L dependency=/var/folders/yk/m4dzf0ss5x9f4j4z3xb2rrv40000gn/T/agent-build-i1uryakm/target/debug/deps --cap-lints allow
sampled-group-member	91406	91224	91223	Wed Sep 30 21:09:19 2026	ps -axo pid=,ppid=,pgid=,lstart=,command=
sampled-group-member	91407	91400	91223	Wed Sep 30 21:09:19 2026	(rust-objcopy)
sampled-group-member	91430	91265	91223	Wed Sep 30 21:09:20 2026	/Users/hoppworks/.rustup/toolchains/stable-aarch64-apple-darwin/bin/rustc --crate-name rustix --edition=2021 /var/folders/yk/m4dzf0ss5x9f4j4z3xb2rrv40000gn/T/agent-build-i1uryakm/cargo-home/registry/src/index.crates.io-1949cf8c6b5b557f/rustix-1.1.5/src/lib.rs --error-format=json --json=diagnostic-rendered-ansi,artifacts,future-incompat --crate-type lib --emit=dep-info,metadata,link -C embed-bitcode=no --warn=unexpected_cfgs --check-cfg cfg(alloc_c_string) --check-cfg cfg(alloc_ffi) --check-cfg cfg(apple) --check-cfg cfg(asm_experimental_arch) --check-cfg cfg(bsd) --check-cfg cfg(core_c_str) --check-cfg cfg(core_ffi_c) --check-cfg cfg(core_intrinsics) --check-cfg cfg(criterion) --check-cfg cfg(document_experimental_runtime_api) --check-cfg cfg(error_in_core) --check-cfg cfg(fix_y2038) --check-cfg cfg(freebsdlike) --check-cfg cfg(libc) --check-cfg cfg(linux_kernel) --check-cfg cfg(linux_like) --check-cfg cfg(linux_raw) --check-cfg cfg(linux_raw_dep) --check-cfg cfg(lower_upper_exp_for_non_zero) --check-cfg cfg(sanitize_memory) --check-cfg cfg(netbsdlike) --check-cfg cfg(rustc_diagnostics) --check-cfg cfg(solarish) --check-cfg cfg(staged_api) --check-cfg cfg(thumb_mode) --check-cfg cfg(wasi) --check-cfg cfg(wasi_ext) --check-cfg cfg(wasip2) --check-cfg cfg(target_arch, values("xtensa")) --check-cfg cfg(target_os, values("cygwin")) --cfg feature="alloc" --cfg feature="default" --cfg feature="fs" --cfg feature="process" --cfg feature="std" --cfg feature="termios" --cfg feature="time" --check-cfg cfg(docsrs,test) --check-cfg cfg(feature, values("all-apis", "alloc", "core", "default", "event", "fs", "io_uring", "libc", "libc_errno", "linux_4_11", "linux_5_1", "linux_5_11", "linux_latest", "mm", "mount", "net", "param", "pipe", "process", "pty", "rand", "runtime", "rustc-dep-of-std", "rustc-std-workspace-alloc", "shm", "std", "stdio", "system", "termios", "thread", "time", "try_close", "use-explicitly-provided-auxv", "use-libc", "use-libc-auxv")) -C metadata=64046a09384933fc -C extra-filename=-a4edea8ab1d1cb72 --out-dir /var/folders/yk/m4dzf0ss5x9f4j4z3xb2rrv40000gn/T/agent-build-i1uryakm/target/debug/deps -C strip=debuginfo -L dependency=/var/folders/yk/m4dzf0ss5x9f4j4z3xb2rrv40000gn/T/agent-build-i1uryakm/target/debug/deps --extern bitflags=/var/folders/yk/m4dzf0ss5x9f4j4z3xb2rrv40000gn/T/agent-build-i1uryakm/target/debug/deps/libbitflags-52e14e12b5db0950.rmeta --extern libc_errno=/var/folders/yk/m4dzf0ss5x9f4j4z3xb2rrv40000gn/T/agent-build-i1uryakm/target/debug/deps/liberrno-2decaf5391b3fa42.rmeta --extern libc=/var/folders/yk/m4dzf0ss5x9f4j4z3xb2rrv40000gn/T/agent-build-i1uryakm/target/debug/deps/liblibc-8e38cc6442bd5814.rmeta --cap-lints allow --cfg lower_upper_exp_for_non_zero --cfg rustc_diagnostics --cfg libc --cfg apple --cfg bsd
sampled-group-member	91444	91265	91223	Wed Sep 30 21:09:20 2026	/Users/hoppworks/.rustup/toolchains/stable-aarch64-apple-darwin/bin/rustc --crate-name once_cell --edition=2021 /var/folders/yk/m4dzf0ss5x9f4j4z3xb2rrv40000gn/T/agent-build-i1uryakm/cargo-home/registry/src/index.crates.io-1949cf8c6b5b557f/once_cell-1.21.4/src/lib.rs --error-format=json --json=diagnostic-rendered-ansi,artifacts,future-incompat --crate-type lib --emit=dep-info,metadata,link -C embed-bitcode=no --cfg feature="alloc" --cfg feature="race" --check-cfg cfg(docsrs,test) --check-cfg cfg(feature, values("alloc", "atomic-polyfill", "critical-section", "default", "parking_lot", "portable-atomic", "race", "std", "unstable")) -C metadata=3ef1458c53791420 -C extra-filename=-ebac62027966e0b0 --out-dir /var/folders/yk/m4dzf0ss5x9f4j4z3xb2rrv40000gn/T/agent-build-i1uryakm/target/debug/deps -C strip=debuginfo -L dependency=/var/folders/yk/m4dzf0ss5x9f4j4z3xb2rrv40000gn/T/agent-build-i1uryakm/target/debug/deps --cap-lints allow
sampled-group-member	91445	91224	91223	Wed Sep 30 21:09:20 2026	ps -axo pid=,ppid=,pgid=,lstart=,command=
sampled-group-member	91485	91265	91223	Wed Sep 30 21:09:21 2026	/Users/hoppworks/.rustup/toolchains/stable-aarch64-apple-darwin/bin/rustc --crate-name ipnet --edition=2018 /var/folders/yk/m4dzf0ss5x9f4j4z3xb2rrv40000gn/T/agent-build-i1uryakm/cargo-home/registry/src/index.crates.io-1949cf8c6b5b557f/ipnet-2.12.2/src/lib.rs --error-format=json --json=diagnostic-rendered-ansi,artifacts,future-incompat --crate-type lib --emit=dep-info,metadata,link -C embed-bitcode=no --cfg feature="default" --cfg feature="std" --check-cfg cfg(docsrs,test) --check-cfg cfg(feature, values("default", "heapless", "json", "schemars", "schemars08", "schemars1", "ser_as_str", "serde", "std")) -C metadata=a4d0be0b38b6190f -C extra-filename=-830610e35869a876 --out-dir /var/folders/yk/m4dzf0ss5x9f4j4z3xb2rrv40000gn/T/agent-build-i1uryakm/target/debug/deps -C strip=debuginfo -L dependency=/var/folders/yk/m4dzf0ss5x9f4j4z3xb2rrv40000gn/T/agent-build-i1uryakm/target/debug/deps --cap-lints allow
sampled-group-member	91489	91265	91223	Wed Sep 30 21:09:22 2026	(rustc)
sampled-group-member	91491	91489	91223	Wed Sep 30 21:09:22 2026	(clang)
sampled-group-member	91492	91491	91223	Wed Sep 30 21:09:22 2026	(ld)
sampled-group-member	91493	91224	91223	Wed Sep 30 21:09:22 2026	ps -axo pid=,ppid=,pgid=,lstart=,command=
sampled-group-member	91529	91265	91223	Wed Sep 30 21:09:22 2026	/Users/hoppworks/.rustup/toolchains/stable-aarch64-apple-darwin/bin/rustc --crate-name syn --edition=2021 /var/folders/yk/m4dzf0ss5x9f4j4z3xb2rrv40000gn/T/agent-build-i1uryakm/cargo-home/registry/src/index.crates.io-1949cf8c6b5b557f/syn-2.0.119/src/lib.rs --error-format=json --json=diagnostic-rendered-ansi,artifacts,future-incompat --crate-type lib --emit=dep-info,metadata,link -C embed-bitcode=no --cfg feature="clone-impls" --cfg feature="default" --cfg feature="derive" --cfg feature="extra-traits" --cfg feature="full" --cfg feature="parsing" --cfg feature="printing" --cfg feature="proc-macro" --check-cfg cfg(docsrs,test) --check-cfg cfg(feature, values("clone-impls", "default", "derive", "extra-traits", "fold", "full", "parsing", "printing", "proc-macro", "test", "visit", "visit-mut")) -C metadata=287b5476acd814db -C extra-filename=-18afce8799ae30da --out-dir /var/folders/yk/m4dzf0ss5x9f4j4z3xb2rrv40000gn/T/agent-build-i1uryakm/target/debug/deps -C strip=debuginfo -L dependency=/var/folders/yk/m4dzf0ss5x9f4j4z3xb2rrv40000gn/T/agent-build-i1uryakm/target/debug/deps --extern proc_macro2=/var/folders/yk/m4dzf0ss5x9f4j4z3xb2rrv40000gn/T/agent-build-i1uryakm/target/debug/deps/libproc_macro2-c8f46f1faefdab5f.rmeta --extern quote=/var/folders/yk/m4dzf0ss5x9f4j4z3xb2rrv40000gn/T/agent-build-i1uryakm/target/debug/deps/libquote-4b7f1b8260d8abfc.rmeta --extern unicode_ident=/var/folders/yk/m4dzf0ss5x9f4j4z3xb2rrv40000gn/T/agent-build-i1uryakm/target/debug/deps/libunicode_ident-850e761f354d9d56.rmeta --cap-lints allow
sampled-group-member	91535	91265	91223	Wed Sep 30 21:09:22 2026	/Users/hoppworks/.rustup/toolchains/stable-aarch64-apple-darwin/bin/rustc --crate-name serde_core --edition=2021 /var/folders/yk/m4dzf0ss5x9f4j4z3xb2rrv40000gn/T/agent-build-i1uryakm/cargo-home/registry/src/index.crates.io-1949cf8c6b5b557f/serde_core-1.0.229/src/lib.rs --error-format=json --json=diagnostic-rendered-ansi,artifacts,future-incompat --crate-type lib --emit=dep-info,metadata,link -C embed-bitcode=no --cfg feature="alloc" --cfg feature="result" --cfg feature="std" --check-cfg cfg(docsrs,test) --check-cfg cfg(feature, values("alloc", "default", "rc", "result", "std", "unstable")) -C metadata=224f9f893b4dd116 -C extra-filename=-8d218762678d624e --out-dir /var/folders/yk/m4dzf0ss5x9f4j4z3xb2rrv40000gn/T/agent-build-i1uryakm/target/debug/deps -C strip=debuginfo -L dependency=/var/folders/yk/m4dzf0ss5x9f4j4z3xb2rrv40000gn/T/agent-build-i1uryakm/target/debug/deps --cap-lints allow --check-cfg cfg(if_docsrs_then_no_serde_core) --check-cfg cfg(no_core_cstr) --check-cfg cfg(no_core_error) --check-cfg cfg(no_core_net) --check-cfg cfg(no_core_num_saturating) --check-cfg cfg(no_diagnostic_namespace) --check-cfg cfg(no_serde_derive) --check-cfg cfg(no_std_atomic) --check-cfg cfg(no_std_atomic64) --check-cfg cfg(no_target_has_atomic)
sampled-group-member	91561	91224	91223	Wed Sep 30 21:09:23 2026	ps -axo pid=,ppid=,pgid=,lstart=,command=
sampled-group-member	91562	91265	91223	Wed Sep 30 21:09:23 2026	/Users/hoppworks/.rustup/toolchains/stable-aarch64-apple-darwin/bin/rustc --crate-name zerocopy --edition=2021 /var/folders/yk/m4dzf0ss5x9f4j4z3xb2rrv40000gn/T/agent-build-i1uryakm/cargo-home/registry/src/index.crates.io-1949cf8c6b5b557f/zerocopy-0.8.59/src/lib.rs --error-format=json --json=diagnostic-rendered-ansi,artifacts,future-incompat --crate-type lib --emit=dep-info,metadata,link -C embed-bitcode=no --cfg feature="simd" --check-cfg cfg(docsrs,test) --check-cfg cfg(feature, values("__internal_use_only_features_that_work_on_stable", "alloc", "derive", "float-nightly", "simd", "simd-nightly", "std", "zerocopy-derive")) -C metadata=f3576184dc104dd9 -C extra-filename=-7fd32641277b071a --out-dir /var/folders/yk/m4dzf0ss5x9f4j4z3xb2rrv40000gn/T/agent-build-i1uryakm/target/debug/deps -C strip=debuginfo -L dependency=/var/folders/yk/m4dzf0ss5x9f4j4z3xb2rrv40000gn/T/agent-build-i1uryakm/target/debug/deps --cap-lints allow --check-cfg cfg(no_zerocopy_simd_x86_avx12_1_89_0) --check-cfg cfg(rust, values("1.89.0")) --check-cfg cfg(no_zerocopy_core_error_1_81_0) --check-cfg cfg(rust, values("1.81.0")) --check-cfg cfg(no_zerocopy_slice_ptr_len_1_79_0) --check-cfg cfg(rust, values("1.79.0")) --check-cfg cfg(no_zerocopy_diagnostic_on_unimplemented_1_78_0) --check-cfg cfg(rust, values("1.78.0")) --check-cfg cfg(no_zerocopy_generic_bounds_in_const_fn_1_61_0) --check-cfg cfg(rust, values("1.61.0")) --check-cfg cfg(no_zerocopy_target_has_atomics_1_60_0) --check-cfg cfg(rust, values("1.60.0")) --check-cfg cfg(no_zerocopy_aarch64_simd_1_59_0) --check-cfg cfg(rust, values("1.59.0")) --check-cfg cfg(no_zerocopy_aarch64_simd_be_1_87_0) --check-cfg cfg(rust, values("1.87.0")) --check-cfg cfg(no_zerocopy_panic_in_const_and_vec_try_reserve_1_57_0) --check-cfg cfg(rust, values("1.57.0")) --check-cfg cfg(doc_cfg) --check-cfg cfg(kani) --check-cfg cfg(__ZEROCOPY_INTERNAL_USE_ONLY_NIGHTLY_FEATURES_IN_TESTS) --check-cfg cfg(__ZEROCOPY_INTERNAL_USE_ONLY_TOOLCHAIN, values("msrv", "stable", "nightly")) --check-cfg cfg(__ZEROCOPY_INTERNAL_USE_ONLY_DEV_MODE) --check-cfg cfg(coverage_nightly) --check-cfg cfg(zerocopy_inline_always) --check-cfg cfg(zerocopy_unstable_ptr) --check-cfg cfg(zerocopy_unstable_linux) --check-cfg cfg(no_fp_fmt_parse)
sampled-group-member	91590	91265	91223	Wed Sep 30 21:09:24 2026	(rustc)
sampled-group-member	91591	91224	91223	Wed Sep 30 21:09:24 2026	ps -axo pid=,ppid=,pgid=,lstart=,command=
sampled-group-member	91621	91265	91223	Wed Sep 30 21:09:25 2026	(build-script-bui)
sampled-group-member	91624	91265	91223	Wed Sep 30 21:09:25 2026	/Users/hoppworks/.rustup/toolchains/stable-aarch64-apple-darwin/bin/rustc --crate-name rhai --edition=2021 src/lib.rs --error-format=json --json=diagnostic-rendered-ansi,artifacts,future-incompat --crate-type lib --emit=dep-info,metadata,link -C embed-bitcode=no --cfg feature="default" --cfg feature="f32_float" --cfg feature="net" --cfg feature="std" --cfg feature="sys" --cfg feature="testing-environ" --check-cfg cfg(docsrs,test) --check-cfg cfg(feature, values("arbitrary", "bin-features", "core-error", "debugging", "decimal", "default", "document-features", "f32_float", "fuzz", "getrandom", "grain", "hashbrown", "internals", "libm", "metadata", "net", "no-std-compat", "no_ast", "no_closure", "no_custom_syntax", "no_float", "no_function", "no_index", "no_module", "no_object", "no_optimize", "no_position", "no_std", "no_time", "only_i32", "only_i64", "rust_decimal", "rustyline", "serde", "serde_json", "std", "sync", "sys", "testing-environ", "unchecked", "unicode-xid", "unicode-xid-ident", "unstable", "wasm-bindgen")) -C metadata=f0e8df6671e211c8 -C extra-filename=-38e9b52ae03c2638 --out-dir /var/folders/yk/m4dzf0ss5x9f4j4z3xb2rrv40000gn/T/agent-build-i1uryakm/target/debug/deps -C strip=debuginfo -L dependency=/var/folders/yk/m4dzf0ss5x9f4j4z3xb2rrv40000gn/T/agent-build-i1uryakm/target/debug/deps --extern ahash=/var/folders/yk/m4dzf0ss5x9f4j4z3xb2rrv40000gn/T/agent-build-i1uryakm/target/debug/deps/libahash-40c12fcca98aa9cd.rmeta --extern bitflags=/var/folders/yk/m4dzf0ss5x9f4j4z3xb2rrv40000gn/T/agent-build-i1uryakm/target/debug/deps/libbitflags-52e14e12b5db0950.rmeta --extern cap_std=/var/folders/yk/m4dzf0ss5x9f4j4z3xb2rrv40000gn/T/agent-build-i1uryakm/target/debug/deps/libcap_std-1ead2766af10b9f0.rmeta --extern num_traits=/var/folders/yk/m4dzf0ss5x9f4j4z3xb2rrv40000gn/T/agent-build-i1uryakm/target/debug/deps/libnum_traits-b34f54e69976fadc.rmeta --extern once_cell=/var/folders/yk/m4dzf0ss5x9f4j4z3xb2rrv40000gn/T/agent-build-i1uryakm/target/debug/deps/libonce_cell-99e63d5066f9fe0e.rmeta --extern rhai_codegen=/var/folders/yk/m4dzf0ss5x9f4j4z3xb2rrv40000gn/T/agent-build-i1uryakm/target/debug/deps/librhai_codegen-03860fa4714a6c34.dylib --extern smallvec=/var/folders/yk/m4dzf0ss5x9f4j4z3xb2rrv40000gn/T/agent-build-i1uryakm/target/debug/deps/libsmallvec-e8e356ea36f4c204.rmeta --extern smartstring=/var/folders/yk/m4dzf0ss5x9f4j4z3xb2rrv40000gn/T/agent-build-i1uryakm/target/debug/deps/libsmartstring-77f3d5edf39067d6.rmeta --extern thin_vec=/var/folders/yk/m4dzf0ss5x9f4j4z3xb2rrv40000gn/T/agent-build-i1uryakm/target/debug/deps/libthin_vec-8fe7249887313f75.rmeta
sampled-group-member	91626	91224	91223	Wed Sep 30 21:09:25 2026	ps -axo pid=,ppid=,pgid=,lstart=,command=
sampled-group-member	91660	91265	91223	Wed Sep 30 21:09:26 2026	/Users/hoppworks/.rustup/toolchains/stable-aarch64-apple-darwin/bin/rustc --crate-name rmp_serde --edition=2024 /var/folders/yk/m4dzf0ss5x9f4j4z3xb2rrv40000gn/T/agent-build-i1uryakm/cargo-home/registry/src/index.crates.io-1949cf8c6b5b557f/rmp-serde-1.3.1/src/lib.rs --error-format=json --json=diagnostic-rendered-ansi,artifacts,future-incompat --crate-type lib --emit=dep-info,metadata,link -C embed-bitcode=no --check-cfg cfg(docsrs,test) --check-cfg cfg(feature, values()) -C metadata=a1e67e12411988d0 -C extra-filename=-960c924ae39cce9f --out-dir /var/folders/yk/m4dzf0ss5x9f4j4z3xb2rrv40000gn/T/agent-build-i1uryakm/target/debug/deps -C strip=debuginfo -L dependency=/var/folders/yk/m4dzf0ss5x9f4j4z3xb2rrv40000gn/T/agent-build-i1uryakm/target/debug/deps --extern rmp=/var/folders/yk/m4dzf0ss5x9f4j4z3xb2rrv40000gn/T/agent-build-i1uryakm/target/debug/deps/librmp-9247e04b4975a586.rmeta --extern serde=/var/folders/yk/m4dzf0ss5x9f4j4z3xb2rrv40000gn/T/agent-build-i1uryakm/target/debug/deps/libserde-df35a03bf8bc173c.rmeta --cap-lints allow
sampled-group-member	91661	91224	91223	Wed Sep 30 21:09:26 2026	ps -axo pid=,ppid=,pgid=,lstart=,command=
sampled-group-member	91667	91224	91223	Wed Sep 30 21:09:27 2026	ps -axo pid=,ppid=,pgid=,lstart=,command=
sampled-group-member	91669	91224	91223	Wed Sep 30 21:09:28 2026	ps -axo pid=,ppid=,pgid=,lstart=,command=
sampled-group-member	91682	91224	91223	Wed Sep 30 21:09:29 2026	ps -axo pid=,ppid=,pgid=,lstart=,command=
sampled-group-member	91715	91265	91223	Wed Sep 30 21:09:30 2026	(rustc)
sampled-group-member	91716	91265	91223	Wed Sep 30 21:09:30 2026	/Users/hoppworks/.rustup/toolchains/stable-aarch64-apple-darwin/bin/rustc --crate-name sys_env --edition=2021 tests/sys_env.rs --error-format=json --json=diagnostic-rendered-ansi,artifacts,future-incompat --emit=dep-info,link -C embed-bitcode=no --test --cfg feature="default" --cfg feature="f32_float" --cfg feature="net" --cfg feature="std" --cfg feature="sys" --cfg feature="testing-environ" --check-cfg cfg(docsrs,test) --check-cfg cfg(feature, values("arbitrary", "bin-features", "core-error", "debugging", "decimal", "default", "document-features", "f32_float", "fuzz", "getrandom", "grain", "hashbrown", "internals", "libm", "metadata", "net", "no-std-compat", "no_ast", "no_closure", "no_custom_syntax", "no_float", "no_function", "no_index", "no_module", "no_object", "no_optimize", "no_position", "no_std", "no_time", "only_i32", "only_i64", "rust_decimal", "rustyline", "serde", "serde_json", "std", "sync", "sys", "testing-environ", "unchecked", "unicode-xid", "unicode-xid-ident", "unstable", "wasm-bindgen")) -C metadata=7f51b23cf6f052a1 -C extra-filename=-b0e4683fda53cc38 --out-dir /var/folders/yk/m4dzf0ss5x9f4j4z3xb2rrv40000gn/T/agent-build-i1uryakm/target/debug/deps -C strip=debuginfo -L dependency=/var/folders/yk/m4dzf0ss5x9f4j4z3xb2rrv40000gn/T/agent-build-i1uryakm/target/debug/deps --extern ahash=/var/folders/yk/m4dzf0ss5x9f4j4z3xb2rrv40000gn/T/agent-build-i1uryakm/target/debug/deps/libahash-40c12fcca98aa9cd.rlib --extern bitflags=/var/folders/yk/m4dzf0ss5x9f4j4z3xb2rrv40000gn/T/agent-build-i1uryakm/target/debug/deps/libbitflags-52e14e12b5db0950.rlib --extern cap_std=/var/folders/yk/m4dzf0ss5x9f4j4z3xb2rrv40000gn/T/agent-build-i1uryakm/target/debug/deps/libcap_std-1ead2766af10b9f0.rlib --extern num_traits=/var/folders/yk/m4dzf0ss5x9f4j4z3xb2rrv40000gn/T/agent-build-i1uryakm/target/debug/deps/libnum_traits-b34f54e69976fadc.rlib --extern once_cell=/var/folders/yk/m4dzf0ss5x9f4j4z3xb2rrv40000gn/T/agent-build-i1uryakm/target/debug/deps/libonce_cell-99e63d5066f9fe0e.rlib --extern rhai=/var/folders/yk/m4dzf0ss5x9f4j4z3xb2rrv40000gn/T/agent-build-i1uryakm/target/debug/deps/librhai-38e9b52ae03c2638.rlib --extern rhai_codegen=/var/folders/yk/m4dzf0ss5x9f4j4z3xb2rrv40000gn/T/agent-build-i1uryakm/target/debug/deps/librhai_codegen-03860fa4714a6c34.dylib --extern rmp_serde=/var/folders/yk/m4dzf0ss5x9f4j4z3xb2rrv40000gn/T/agent-build-i1uryakm/target/debug/deps/librmp_serde-960c924ae39cce9f.rlib --extern serde_json=/var/folders/yk/m4dzf0ss5x9f4j4z3xb2rrv40000gn/T/agent-build-i1uryakm/target/debug/deps/libserde_json-9e660fbf3c68f439.rlib --extern smallvec=/var/folders/yk/m4dzf0ss5x9f4j4z3xb2rrv40000gn/T/agent-build-i1uryakm/target/debug/deps/libsmallvec-e8e356ea36f4c204.rlib --extern smartstring=/var/folders/yk/m4dzf0ss5x9f4j4z3xb2rrv40000gn/T/agent-build-i1uryakm/target/debug/deps/libsmartstring-77f3d5edf39067d6.rlib --extern thin_vec=/var/folders/yk/m4dzf0ss5x9f4j4z3xb2rrv40000gn/T/agent-build-i1uryakm/target/debug/deps/libthin_vec-8fe7249887313f75.rlib
sampled-group-member	91719	91716	91223	Wed Sep 30 21:09:30 2026	(clang)
sampled-group-member	91720	91719	91223	Wed Sep 30 21:09:30 2026	(ld)
sampled-group-member	91722	91715	91223	Wed Sep 30 21:09:30 2026	(rust-objcopy)
sampled-group-member	91723	91224	91223	Wed Sep 30 21:09:30 2026	ps -axo pid=,ppid=,pgid=,lstart=,command=
sampled-group-member	91740	91265	91223	Wed Sep 30 21:09:31 2026	/var/folders/yk/m4dzf0ss5x9f4j4z3xb2rrv40000gn/T/agent-build-i1uryakm/target/debug/deps/net_listen-2343b3bf22fa2aa0 --test-threads=1 --nocapture
sampled-group-member	91742	91224	91223	Wed Sep 30 21:09:31 2026	ps -axo pid=,ppid=,pgid=,lstart=,command=
sampled-group-member	91745	91265	91223	Wed Sep 30 21:09:32 2026	/var/folders/yk/m4dzf0ss5x9f4j4z3xb2rrv40000gn/T/agent-build-i1uryakm/target/debug/deps/sys_env-b0e4683fda53cc38 --test-threads=1 --nocapture
sampled-group-member	91747	91224	91223	Wed Sep 30 21:09:32 2026	ps -axo pid=,ppid=,pgid=,lstart=,command=
