wrong-expectation-control	101	testing-environ,sys	sys_fs:test_file_handle_reads_obey_host_cap_and_reject_negative_lengths_without_moving
restored-targeted-test	0	testing-environ,sys	sys_fs:test_file_handle_reads_obey_host_cap_and_reject_negative_lengths_without_moving
fixture-01-sys_env	0	testing-environ,sys	sys_env
fixture-01-sys_fs	0	testing-environ,sys	sys_fs
fixture-01-sys_policy	0	testing-environ,sys	sys_policy
fixture-02-sys_env	0	testing-environ,sys,sync	sys_env
fixture-02-sys_fs	0	testing-environ,sys,sync	sys_fs
fixture-02-sys_policy	0	testing-environ,sys,sync	sys_policy
fixture-03-sys_env	0	testing-environ,sys,no_index	sys_env
fixture-03-sys_fs	0	testing-environ,sys,no_index	sys_fs
fixture-03-sys_policy	0	testing-environ,sys,no_index	sys_policy
fixture-04-sys_env	0	testing-environ,sys,metadata,serde	sys_env
fixture-04-sys_fs	0	testing-environ,sys,metadata,serde	sys_fs
fixture-04-sys_policy	0	testing-environ,sys,metadata,serde	sys_policy
fixture-05-sys_env	0	testing-environ,sys,only_i32,no_float	sys_env
fixture-05-sys_fs	0	testing-environ,sys,only_i32,no_float	sys_fs
fixture-05-sys_policy	0	testing-environ,sys,only_i32,no_float	sys_policy
fixture-06-sys_env	0	testing-environ,sys,unchecked	sys_env
fixture-06-sys_fs	0	testing-environ,sys,unchecked	sys_fs
fixture-06-sys_policy	0	testing-environ,sys,unchecked	sys_policy
fixture-07-sys_env	0	testing-environ,sys,no_index,sync,metadata	sys_env
fixture-07-sys_fs	0	testing-environ,sys,no_index,sync,metadata	sys_fs
fixture-07-sys_policy	0	testing-environ,sys,no_index,sync,metadata	sys_policy
fixture-08-sys_env	0	testing-environ,sys,f32_float	sys_env
fixture-08-sys_fs	0	testing-environ,sys,f32_float	sys_fs
fixture-08-sys_policy	0	testing-environ,sys,f32_float	sys_policy
