utc_epoch	kib
1790794136.456	11600
1790794137.480	15724
1790794138.500	19224
1790794139.529	72244
1790794140.554	95376
1790794141.586	124900
1790794142.614	162032
1790794143.641	188580
1790794144.680	198644
1790794145.711	198644
1790794146.740	210824
1790794147.765	269192
1790794148.800	295040
1790794149.829	299000
1790794150.853	299000
1790794151.881	308088
1790794152.910	328284
1790794153.935	395088
1790794154.964	395644
1790794155.989	395644
1790794157.020	411040
1790794158.047	464572
1790794159.072	491924
1790794160.102	499372
1790794161.129	499384
1790794162.154	499384
1790794163.182	509624
1790794164.212	529896
1790794165.241	590120
1790794166.271	603568
1790794167.298	603568
1790794168.328	621812
1790794169.355	676112
1790794170.382	676668
1790794171.412	676668
1790794172.444	685636
1790794173.471	708120
1790794174.500	770524
1790794175.526	775124
1790794176.555	775124
1790794177.582	775128
1790794178.611	795320
1790794179.641	851140
1790794180.672	863188
1790794181.706	863188
1790794182.732	872276
1790794183.771	889156
1790794184.800	946196
