pid	start_ticks	ppid	pgid	cmdline
2779146	5148769	2778673	2778653	/root/.rustup/toolchains/1.93.0-x86_64-unknown-linux-gnu/bin/rustc --crate-name rustix --edition=2021 /tmp/agent-build-1ftfwo9g/cargo-home/registry/src/index.crates.io-1949cf8c6b5b557f/rustix-1.1.5/src/lib.rs --error-format=json --json=diagnostic-rendered-ansi,artifacts,future-incompat --crate-type lib --emit=dep-info,metadata,link -C embed-bitcode=no --warn=unexpected_cfgs --check-cfg cfg(alloc_c_string) --check-cfg cfg(alloc_ffi) --check-cfg cfg(apple) --check-cfg cfg(asm_experimental_arch) --check-cfg cfg(bsd) --check-cfg cfg(core_c_str) --check-cfg cfg(core_ffi_c) --check-cfg cfg(core_intrinsics) --check-cfg cfg(criterion) --check-cfg cfg(document_experimental_runtime_api) --check-cfg cfg(error_in_core) --check-cfg cfg(fix_y2038) --check-cfg cfg(freebsdlike) --check-cfg cfg(libc) --check-cfg cfg(linux_kernel) --check-cfg cfg(linux_like) --check-cfg cfg(linux_raw) --check-cfg cfg(linux_raw_dep) --check-cfg cfg(lower_upper_exp_for_non_zero) --check-cfg cfg(sanitize_memory) --check-cfg cfg(netbsdlike) --check-cfg cfg(rustc_diagnostics) --check-cfg cfg(solarish) --check-cfg cfg(staged_api) --check-cfg cfg(thumb_mode) --check-cfg cfg(wasi) --check-cfg cfg(wasi_ext) --check-cfg cfg(wasip2) --check-cfg cfg(target_arch, values("xtensa")) --check-cfg cfg(target_os, values("cygwin")) --cfg feature="alloc" --cfg feature="default" --cfg feature="fs" --cfg feature="process" --cfg feature="std" --cfg feature="termios" --cfg feature="time" --check-cfg cfg(docsrs,test) --check-cfg cfg(feature, values("all-apis", "alloc", "core", "default", "event", "fs", "io_uring", "libc", "libc_errno", "linux_4_11", "linux_5_1", "linux_5_11", "linux_latest", "mm", "mount", "net", "param", "pipe", "process", "pty", "rand", "runtime", "rustc-dep-of-std", "rustc-std-workspace-alloc", "shm", "std", "stdio", "system", "termios", "thread", "time", "try_close", "use-explicitly-provided-auxv", "use-libc", "use-libc-auxv")) -C metadata=4acb65ca5a926cdd -C extra-filename=-276c480a1b987777 --out-dir /tmp/agent-build-1ftfwo9g/target/debug/deps -C strip=debuginfo -L dependency=/tmp/agent-build-1ftfwo9g/target/debug/deps --extern bitflags=/tmp/agent-build-1ftfwo9g/target/debug/deps/libbitflags-807f742f693b1c76.rmeta --extern linux_raw_sys=/tmp/agent-build-1ftfwo9g/target/debug/deps/liblinux_raw_sys-acd22efd1f7edfd8.rmeta --cap-lints allow -C debuginfo=0 --cfg lower_upper_exp_for_non_zero --cfg rustc_diagnostics --cfg linux_raw_dep --cfg linux_raw --cfg linux_like --cfg linux_kernel
2779510	5148870	2778673	2778653	/root/.rustup/toolchains/1.93.0-x86_64-unknown-linux-gnu/bin/rustc --crate-name build_script_build --edition=2021 /tmp/agent-build-1ftfwo9g/cargo-home/registry/src/index.crates.io-1949cf8c6b5b557f/serde_core-1.0.229/build.rs --error-format=json --json=diagnostic-rendered-ansi,artifacts,future-incompat --crate-type bin --emit=dep-info,link -C embed-bitcode=no --cfg feature="alloc" --cfg feature="result" --cfg feature="std" --check-cfg cfg(docsrs,test) --check-cfg cfg(feature, values("alloc", "default", "rc", "result", "std", "unstable")) -C metadata=6c9cebd1b98e92af -C extra-filename=-baa5c3de06624a8b --out-dir /tmp/agent-build-1ftfwo9g/target/debug/build/serde_core-baa5c3de06624a8b -C strip=debuginfo -L dependency=/tmp/agent-build-1ftfwo9g/target/debug/deps --cap-lints allow -C debuginfo=0
2779928	5148954	2778673	2778653	/root/.rustup/toolchains/1.93.0-x86_64-unknown-linux-gnu/bin/rustc --crate-name syn --edition=2021 /tmp/agent-build-1ftfwo9g/cargo-home/registry/src/index.crates.io-1949cf8c6b5b557f/syn-2.0.106/src/lib.rs --error-format=json --json=diagnostic-rendered-ansi,artifacts,future-incompat --crate-type lib --emit=dep-info,metadata,link -C embed-bitcode=no --cfg feature="clone-impls" --cfg feature="default" --cfg feature="derive" --cfg feature="extra-traits" --cfg feature="full" --cfg feature="parsing" --cfg feature="printing" --cfg feature="proc-macro" --check-cfg cfg(docsrs,test) --check-cfg cfg(feature, values("clone-impls", "default", "derive", "extra-traits", "fold", "full", "parsing", "printing", "proc-macro", "test", "visit", "visit-mut")) -C metadata=6e74cf93ade00691 -C extra-filename=-90e7f3b23d71b831 --out-dir /tmp/agent-build-1ftfwo9g/target/debug/deps -C strip=debuginfo -L dependency=/tmp/agent-build-1ftfwo9g/target/debug/deps --extern proc_macro2=/tmp/agent-build-1ftfwo9g/target/debug/deps/libproc_macro2-9bb1119a4333fdf8.rmeta --extern quote=/tmp/agent-build-1ftfwo9g/target/debug/deps/libquote-5daf7430e5f6c7e7.rmeta --extern unicode_ident=/tmp/agent-build-1ftfwo9g/target/debug/deps/libunicode_ident-02eb1483c9349430.rmeta --cap-lints allow -C debuginfo=0
2779947	5148965	2778673	2778653	/root/.rustup/toolchains/1.93.0-x86_64-unknown-linux-gnu/bin/rustc --crate-name serde_core --edition=2021 /tmp/agent-build-1ftfwo9g/cargo-home/registry/src/index.crates.io-1949cf8c6b5b557f/serde_core-1.0.229/src/lib.rs --error-format=json --json=diagnostic-rendered-ansi,artifacts,future-incompat --crate-type lib --emit=dep-info,metadata,link -C embed-bitcode=no --cfg feature="alloc" --cfg feature="result" --cfg feature="std" --check-cfg cfg(docsrs,test) --check-cfg cfg(feature, values("alloc", "default", "rc", "result", "std", "unstable")) -C metadata=ec0e25ac81804ca7 -C extra-filename=-fc3333f79b683349 --out-dir /tmp/agent-build-1ftfwo9g/target/debug/deps -C strip=debuginfo -L dependency=/tmp/agent-build-1ftfwo9g/target/debug/deps --cap-lints allow -C debuginfo=0 --check-cfg cfg(if_docsrs_then_no_serde_core) --check-cfg cfg(no_core_cstr) --check-cfg cfg(no_core_error) --check-cfg cfg(no_core_net) --check-cfg cfg(no_core_num_saturating) --check-cfg cfg(no_diagnostic_namespace) --check-cfg cfg(no_serde_derive) --check-cfg cfg(no_std_atomic) --check-cfg cfg(no_std_atomic64) --check-cfg cfg(no_target_has_atomic)
2779957	5149042	2778673	2778653	/root/.rustup/toolchains/1.93.0-x86_64-unknown-linux-gnu/bin/rustc --crate-name zerocopy --edition=2021 /tmp/agent-build-1ftfwo9g/cargo-home/registry/src/index.crates.io-1949cf8c6b5b557f/zerocopy-0.8.59/src/lib.rs --error-format=json --json=diagnostic-rendered-ansi,artifacts,future-incompat --crate-type lib --emit=dep-info,metadata,link -C embed-bitcode=no --cfg feature="simd" --check-cfg cfg(docsrs,test) --check-cfg cfg(feature, values("__internal_use_only_features_that_work_on_stable", "alloc", "derive", "float-nightly", "simd", "simd-nightly", "std", "zerocopy-derive")) -C metadata=62cfb2af1841a0b5 -C extra-filename=-1120fb15f6b22f53 --out-dir /tmp/agent-build-1ftfwo9g/target/debug/deps -C strip=debuginfo -L dependency=/tmp/agent-build-1ftfwo9g/target/debug/deps --cap-lints allow -C debuginfo=0 --check-cfg cfg(no_zerocopy_simd_x86_avx12_1_89_0) --check-cfg cfg(rust, values("1.89.0")) --check-cfg cfg(no_zerocopy_core_error_1_81_0) --check-cfg cfg(rust, values("1.81.0")) --check-cfg cfg(no_zerocopy_slice_ptr_len_1_79_0) --check-cfg cfg(rust, values("1.79.0")) --check-cfg cfg(no_zerocopy_diagnostic_on_unimplemented_1_78_0) --check-cfg cfg(rust, values("1.78.0")) --check-cfg cfg(no_zerocopy_generic_bounds_in_const_fn_1_61_0) --check-cfg cfg(rust, values("1.61.0")) --check-cfg cfg(no_zerocopy_target_has_atomics_1_60_0) --check-cfg cfg(rust, values("1.60.0")) --check-cfg cfg(no_zerocopy_aarch64_simd_1_59_0) --check-cfg cfg(rust, values("1.59.0")) --check-cfg cfg(no_zerocopy_aarch64_simd_be_1_87_0) --check-cfg cfg(rust, values("1.87.0")) --check-cfg cfg(no_zerocopy_panic_in_const_and_vec_try_reserve_1_57_0) --check-cfg cfg(rust, values("1.57.0")) --check-cfg cfg(doc_cfg) --check-cfg cfg(kani) --check-cfg cfg(__ZEROCOPY_INTERNAL_USE_ONLY_NIGHTLY_FEATURES_IN_TESTS) --check-cfg cfg(__ZEROCOPY_INTERNAL_USE_ONLY_TOOLCHAIN, values("msrv", "stable", "nightly")) --check-cfg cfg(__ZEROCOPY_INTERNAL_USE_ONLY_DEV_MODE) --check-cfg cfg(coverage_nightly) --check-cfg cfg(zerocopy_inline_always) --check-cfg cfg(zerocopy_unstable_ptr) --check-cfg cfg(zerocopy_unstable_linux) --check-cfg cfg(no_fp_fmt_parse)
2780168	5149175	2778673	2778653	/root/.rustup/toolchains/1.93.0-x86_64-unknown-linux-gnu/bin/rustc --crate-name thin_vec --edition=2018 /tmp/agent-build-1ftfwo9g/cargo-home/registry/src/index.crates.io-1949cf8c6b5b557f/thin-vec-0.2.19/src/lib.rs --error-format=json --json=diagnostic-rendered-ansi,artifacts,future-incompat --crate-type lib --emit=dep-info,metadata,link -C embed-bitcode=no --warn=unexpected_cfgs --check-cfg cfg(no_global_oom_handling) --check-cfg cfg(docsrs,test) --check-cfg cfg(feature, values("const_new", "default", "gecko-ffi", "malloc_size_of", "serde", "std", "unstable")) -C metadata=2dc93f2f9211035f -C extra-filename=-c60039a963ab0856 --out-dir /tmp/agent-build-1ftfwo9g/target/debug/deps -C strip=debuginfo -L dependency=/tmp/agent-build-1ftfwo9g/target/debug/deps --cap-lints allow -C debuginfo=0
2780234	5149182	2778673	2778653	/root/.rustup/toolchains/1.93.0-x86_64-unknown-linux-gnu/bin/rustc --crate-name rhai --edition=2021 src/lib.rs --error-format=json --json=diagnostic-rendered-ansi,artifacts,future-incompat --crate-type lib --emit=dep-info,metadata,link -C embed-bitcode=no --cfg feature="default" --cfg feature="std" --cfg feature="sys" --cfg feature="testing-environ" --check-cfg cfg(docsrs,test) --check-cfg cfg(feature, values("arbitrary", "bin-features", "core-error", "debugging", "decimal", "default", "document-features", "f32_float", "fuzz", "getrandom", "grain", "hashbrown", "internals", "libm", "metadata", "net", "no-std-compat", "no_ast", "no_closure", "no_custom_syntax", "no_float", "no_function", "no_index", "no_module", "no_object", "no_optimize", "no_position", "no_std", "no_time", "only_i32", "only_i64", "rust_decimal", "rustyline", "serde", "serde_json", "std", "sync", "sys", "testing-environ", "unchecked", "unicode-xid", "unicode-xid-ident", "unstable", "wasm-bindgen")) -C metadata=792aacbc67ecee3b -C extra-filename=-3932a9829df7d198 --out-dir /tmp/agent-build-1ftfwo9g/target/debug/deps -C strip=debuginfo -L dependency=/tmp/agent-build-1ftfwo9g/target/debug/deps --extern ahash=/tmp/agent-build-1ftfwo9g/target/debug/deps/libahash-99bac1425fc969b5.rmeta --extern bitflags=/tmp/agent-build-1ftfwo9g/target/debug/deps/libbitflags-807f742f693b1c76.rmeta --extern cap_std=/tmp/agent-build-1ftfwo9g/target/debug/deps/libcap_std-dbad4381d1665016.rmeta --extern libc=/tmp/agent-build-1ftfwo9g/target/debug/deps/liblibc-179c144e2268fcf5.rmeta --extern num_traits=/tmp/agent-build-1ftfwo9g/target/debug/deps/libnum_traits-d99f4a660858da04.rmeta --extern once_cell=/tmp/agent-build-1ftfwo9g/target/debug/deps/libonce_cell-bc26e00f0de8b3ca.rmeta --extern rhai_codegen=/tmp/agent-build-1ftfwo9g/target/debug/deps/librhai_codegen-1d80cf474728b918.so --extern smallvec=/tmp/agent-build-1ftfwo9g/target/debug/deps/libsmallvec-c76bcbc00f84cb84.rmeta --extern smartstring=/tmp/agent-build-1ftfwo9g/target/debug/deps/libsmartstring-b13df8185e068488.rmeta --extern thin_vec=/tmp/agent-build-1ftfwo9g/target/debug/deps/libthin_vec-c60039a963ab0856.rmeta -C debuginfo=0
2780370	5149276	2778673	2778653	/root/.rustup/toolchains/1.93.0-x86_64-unknown-linux-gnu/bin/rustc --crate-name rmp_serde --edition=2021 /tmp/agent-build-1ftfwo9g/cargo-home/registry/src/index.crates.io-1949cf8c6b5b557f/rmp-serde-1.3.0/src/lib.rs --error-format=json --json=diagnostic-rendered-ansi,artifacts,future-incompat --crate-type lib --emit=dep-info,metadata,link -C embed-bitcode=no --check-cfg cfg(docsrs,test) --check-cfg cfg(feature, values()) -C metadata=62d4d784a37b43e8 -C extra-filename=-0f3d528a3dbb2c74 --out-dir /tmp/agent-build-1ftfwo9g/target/debug/deps -C strip=debuginfo -L dependency=/tmp/agent-build-1ftfwo9g/target/debug/deps --extern byteorder=/tmp/agent-build-1ftfwo9g/target/debug/deps/libbyteorder-65320072d3c124d2.rmeta --extern rmp=/tmp/agent-build-1ftfwo9g/target/debug/deps/librmp-2bc499c1b0022cab.rmeta --extern serde=/tmp/agent-build-1ftfwo9g/target/debug/deps/libserde-e64cf2c916aa5255.rmeta --cap-lints allow -C debuginfo=0
2780642	5149728	2780639	2778653	/root/.rustup/toolchains/1.93.0-x86_64-unknown-linux-gnu/bin/rustc --crate-name rhai --edition=2021 src/lib.rs --error-format=json --json=diagnostic-rendered-ansi,artifacts,future-incompat --emit=dep-info,link -C embed-bitcode=no --test --cfg feature="default" --cfg feature="std" --cfg feature="sys" --cfg feature="testing-environ" --check-cfg cfg(docsrs,test) --check-cfg cfg(feature, values("arbitrary", "bin-features", "core-error", "debugging", "decimal", "default", "document-features", "f32_float", "fuzz", "getrandom", "grain", "hashbrown", "internals", "libm", "metadata", "net", "no-std-compat", "no_ast", "no_closure", "no_custom_syntax", "no_float", "no_function", "no_index", "no_module", "no_object", "no_optimize", "no_position", "no_std", "no_time", "only_i32", "only_i64", "rust_decimal", "rustyline", "serde", "serde_json", "std", "sync", "sys", "testing-environ", "unchecked", "unicode-xid", "unicode-xid-ident", "unstable", "wasm-bindgen")) -C metadata=bbad896417107d6c -C extra-filename=-02633672f86fc62e --out-dir /tmp/agent-build-1ftfwo9g/target/debug/deps -C strip=debuginfo -L dependency=/tmp/agent-build-1ftfwo9g/target/debug/deps --extern ahash=/tmp/agent-build-1ftfwo9g/target/debug/deps/libahash-99bac1425fc969b5.rlib --extern bitflags=/tmp/agent-build-1ftfwo9g/target/debug/deps/libbitflags-807f742f693b1c76.rlib --extern cap_std=/tmp/agent-build-1ftfwo9g/target/debug/deps/libcap_std-dbad4381d1665016.rlib --extern libc=/tmp/agent-build-1ftfwo9g/target/debug/deps/liblibc-179c144e2268fcf5.rlib --extern num_traits=/tmp/agent-build-1ftfwo9g/target/debug/deps/libnum_traits-d99f4a660858da04.rlib --extern once_cell=/tmp/agent-build-1ftfwo9g/target/debug/deps/libonce_cell-bc26e00f0de8b3ca.rlib --extern rhai_codegen=/tmp/agent-build-1ftfwo9g/target/debug/deps/librhai_codegen-1d80cf474728b918.so --extern rmp_serde=/tmp/agent-build-1ftfwo9g/target/debug/deps/librmp_serde-0f3d528a3dbb2c74.rlib --extern serde_json=/tmp/agent-build-1ftfwo9g/target/debug/deps/libserde_json-294c7119b67a38a8.rlib --extern smallvec=/tmp/agent-build-1ftfwo9g/target/debug/deps/libsmallvec-c76bcbc00f84cb84.rlib --extern smartstring=/tmp/agent-build-1ftfwo9g/target/debug/deps/libsmartstring-b13df8185e068488.rlib --extern thin_vec=/tmp/agent-build-1ftfwo9g/target/debug/deps/libthin_vec-c60039a963ab0856.rlib -C debuginfo=0
2780639	5149725	2778654	2778653	
2780829	5150209	2780826	2778653	/root/.rustup/toolchains/1.93.0-x86_64-unknown-linux-gnu/bin/rustc --crate-name rhai --edition=2021 src/lib.rs --error-format=json --json=diagnostic-rendered-ansi,artifacts,future-incompat --emit=dep-info,link -C embed-bitcode=no --test --cfg feature="default" --cfg feature="std" --cfg feature="sys" --cfg feature="testing-environ" --check-cfg cfg(docsrs,test) --check-cfg cfg(feature, values("arbitrary", "bin-features", "core-error", "debugging", "decimal", "default", "document-features", "f32_float", "fuzz", "getrandom", "grain", "hashbrown", "internals", "libm", "metadata", "net", "no-std-compat", "no_ast", "no_closure", "no_custom_syntax", "no_float", "no_function", "no_index", "no_module", "no_object", "no_optimize", "no_position", "no_std", "no_time", "only_i32", "only_i64", "rust_decimal", "rustyline", "serde", "serde_json", "std", "sync", "sys", "testing-environ", "unchecked", "unicode-xid", "unicode-xid-ident", "unstable", "wasm-bindgen")) -C metadata=bbad896417107d6c -C extra-filename=-02633672f86fc62e --out-dir /tmp/agent-build-1ftfwo9g/target/debug/deps -C strip=debuginfo -L dependency=/tmp/agent-build-1ftfwo9g/target/debug/deps --extern ahash=/tmp/agent-build-1ftfwo9g/target/debug/deps/libahash-99bac1425fc969b5.rlib --extern bitflags=/tmp/agent-build-1ftfwo9g/target/debug/deps/libbitflags-807f742f693b1c76.rlib --extern cap_std=/tmp/agent-build-1ftfwo9g/target/debug/deps/libcap_std-dbad4381d1665016.rlib --extern libc=/tmp/agent-build-1ftfwo9g/target/debug/deps/liblibc-179c144e2268fcf5.rlib --extern num_traits=/tmp/agent-build-1ftfwo9g/target/debug/deps/libnum_traits-d99f4a660858da04.rlib --extern once_cell=/tmp/agent-build-1ftfwo9g/target/debug/deps/libonce_cell-bc26e00f0de8b3ca.rlib --extern rhai_codegen=/tmp/agent-build-1ftfwo9g/target/debug/deps/librhai_codegen-1d80cf474728b918.so --extern rmp_serde=/tmp/agent-build-1ftfwo9g/target/debug/deps/librmp_serde-0f3d528a3dbb2c74.rlib --extern serde_json=/tmp/agent-build-1ftfwo9g/target/debug/deps/libserde_json-294c7119b67a38a8.rlib --extern smallvec=/tmp/agent-build-1ftfwo9g/target/debug/deps/libsmallvec-c76bcbc00f84cb84.rlib --extern smartstring=/tmp/agent-build-1ftfwo9g/target/debug/deps/libsmartstring-b13df8185e068488.rlib --extern thin_vec=/tmp/agent-build-1ftfwo9g/target/debug/deps/libthin_vec-c60039a963ab0856.rlib -C debuginfo=0
2781119	5150677	2780826	2778653	/tmp/agent-build-1ftfwo9g/target/debug/deps/rhai-02633672f86fc62e packages::sys::process::unix::tests:: --nocapture --test-threads=1
2782208	5150898	2781119	2778653	/tmp/agent-build-1ftfwo9g/target/debug/deps/rhai-02633672f86fc62e --exact packages::sys::process::unix::tests::inherited_pipe_holder_is_alive_at_timeout_and_fixture_releases_it --nocapture
2782762	5151313	2782759	2778653	/bin/sh
2782759	5151313	2781119	2778653	/tmp/agent-build-1ftfwo9g/target/debug/deps/rhai-02633672f86fc62e --exact packages::sys::process::unix::tests::kill_refusal_returns_boundedly_and_retains_real_child_after_package_drop --nocapture
2784139	5152235	2784132	2778653	/root/.rustup/toolchains/1.93.0-x86_64-unknown-linux-gnu/bin/rustc --crate-name rhai --edition=2021 src/lib.rs --error-format=json --json=diagnostic-rendered-ansi,artifacts,future-incompat --crate-type lib --emit=dep-info,metadata,link -C embed-bitcode=no --cfg feature="default" --cfg feature="std" --cfg feature="sys" --cfg feature="testing-environ" --check-cfg cfg(docsrs,test) --check-cfg cfg(feature, values("arbitrary", "bin-features", "core-error", "debugging", "decimal", "default", "document-features", "f32_float", "fuzz", "getrandom", "grain", "hashbrown", "internals", "libm", "metadata", "net", "no-std-compat", "no_ast", "no_closure", "no_custom_syntax", "no_float", "no_function", "no_index", "no_module", "no_object", "no_optimize", "no_position", "no_std", "no_time", "only_i32", "only_i64", "rust_decimal", "rustyline", "serde", "serde_json", "std", "sync", "sys", "testing-environ", "unchecked", "unicode-xid", "unicode-xid-ident", "unstable", "wasm-bindgen")) -C metadata=792aacbc67ecee3b -C extra-filename=-3932a9829df7d198 --out-dir /tmp/agent-build-1ftfwo9g/target/debug/deps -C strip=debuginfo -L dependency=/tmp/agent-build-1ftfwo9g/target/debug/deps --extern ahash=/tmp/agent-build-1ftfwo9g/target/debug/deps/libahash-99bac1425fc969b5.rmeta --extern bitflags=/tmp/agent-build-1ftfwo9g/target/debug/deps/libbitflags-807f742f693b1c76.rmeta --extern cap_std=/tmp/agent-build-1ftfwo9g/target/debug/deps/libcap_std-dbad4381d1665016.rmeta --extern libc=/tmp/agent-build-1ftfwo9g/target/debug/deps/liblibc-179c144e2268fcf5.rmeta --extern num_traits=/tmp/agent-build-1ftfwo9g/target/debug/deps/libnum_traits-d99f4a660858da04.rmeta --extern once_cell=/tmp/agent-build-1ftfwo9g/target/debug/deps/libonce_cell-bc26e00f0de8b3ca.rmeta --extern rhai_codegen=/tmp/agent-build-1ftfwo9g/target/debug/deps/librhai_codegen-1d80cf474728b918.so --extern smallvec=/tmp/agent-build-1ftfwo9g/target/debug/deps/libsmallvec-c76bcbc00f84cb84.rmeta --extern smartstring=/tmp/agent-build-1ftfwo9g/target/debug/deps/libsmartstring-b13df8185e068488.rmeta --extern thin_vec=/tmp/agent-build-1ftfwo9g/target/debug/deps/libthin_vec-c60039a963ab0856.rmeta -C debuginfo=0
2785360	5152857	2785343	2778653	/tmp/agent-build-1ftfwo9g/target/debug/deps/sys_process-1928063df57ef1bb --exact process_fixture --nocapture --quiet
2785343	5152845	2784132	2778653	/tmp/agent-build-1ftfwo9g/target/debug/deps/sys_process-1928063df57ef1bb --nocapture --test-threads=1
2785397	5152941	2785343	2778653	/tmp/agent-build-1ftfwo9g/target/debug/deps/sys_process-1928063df57ef1bb --exact process_fixture --nocapture --quiet
2785399	5152941	2785397	2778653	/tmp/agent-build-1ftfwo9g/target/debug/deps/sys_process-1928063df57ef1bb --exact process_fixture --nocapture --quiet
2785404	5152941	2785397	2785402	
2785406	5152942	2785397	2785402	
2785455	5153067	2785343	2785455	/bin/sleep 30
2785953	5153383	2785343	2778653	
