utc_epoch	sampled_runtime_kib
1790914883.615	22212
1790914884.630	22428
1790914885.648	29140
1790914886.671	91188
1790914887.696	113924
1790914888.720	144140
1790914889.743	160032
1790914890.766	204376
1790914891.791	216140
1790914892.816	217320
1790914893.841	218680
1790914894.864	235544
1790914895.887	273440
1790914896.912	283580
1790914897.934	283588
1790914898.959	283592
1790914899.984	284992
1790914901.006	294736
1790914902.030	294716
1790914903.054	294716
1790914904.078	294732
1790914905.101	303500
1790914906.124	294744
1790914907.196	294744
1790914908.251	294752
1790914909.276	294752
1790914910.300	294772
1790914911.324	294772
1790914912.349	294740
1790914913.377	294744
1790914914.404	294744
1790914915.430	294736
1790914916.457	294736
1790914917.485	294744
1790914918.511	294744
1790914919.538	294744
1790914920.565	294744
1790914921.592	261168
1790914922.617	261168
1790914923.643	261168
1790914924.675	261168
1790914925.701	270524
1790914926.728	276384
1790914927.750	294756
1790914928.771	294780
1790914929.793	294748
1790914930.817	294768
1790914931.840	294740
1790914932.864	294744
