pid	start_ticks	matching_process_alive
2266535	43280695	0
2266534	43280694	0
2266541	43280699	0
2266534	43280694	0
2266535	43280695	0
2266541	43280699	0
2266534	43280694	0
2266535	43280695	0
2266541	43280699	0
2266534	43280694	0
2266535	43280695	0
2266541	43280699	0
2266534	43280694	0
2266535	43280695	0
2266541	43280699	0
2266534	43280694	0
2266535	43280695	0
2266541	43280699	0
2266534	43280694	0
2266535	43280695	0
2266541	43280699	0
2266534	43280694	0
2266535	43280695	0
2266541	43280699	0
2266534	43280694	0
2266535	43280695	0
2266541	43280699	0
2267978	43281552	0
2267980	43281552	0
2267995	43281554	0
2266534	43280694	0
2266535	43280695	0
2267995	43281554	0
2266534	43280694	0
2266535	43280695	0
2267995	43281554	0
2266534	43280694	0
2266535	43280695	0
2267995	43281554	0
2266534	43280694	0
2266535	43280695	0
2267995	43281554	0
2268815	43281915	0
2268820	43281916	0
2266534	43280694	0
2266535	43280695	0
2267995	43281554	0
2269496	43282002	0
2269524	43282014	0
2266534	43280694	0
2266535	43280695	0
2267995	43281554	0
2269534	43282083	0
2269612	43282130	0
2266534	43280694	0
2266535	43280695	0
2267995	43281554	0
2269709	43282170	0
2269903	43282234	0
2266534	43280694	0
2266535	43280695	0
2267995	43281554	0
2270019	43282299	0
2270025	43282306	0
2266534	43280694	0
2266535	43280695	0
2267995	43281554	0
2270019	43282299	0
2270025	43282306	0
2266534	43280694	0
2266535	43280695	0
2267995	43281554	0
2270733	43282538	0
2270738	43282541	0
2266534	43280694	0
2266535	43280695	0
2267995	43281554	0
2270768	43282555	0
2266534	43280694	0
2266535	43280695	0
2267995	43281554	0
2270768	43282555	0
2266534	43280694	0
2266535	43280695	0
2267995	43281554	0
2270768	43282555	0
2266534	43280694	0
2266535	43280695	0
2267995	43281554	0
2270768	43282555	0
2266534	43280694	0
2266535	43280695	0
2267995	43281554	0
2270768	43282555	0
2266534	43280694	0
2266535	43280695	0
2267995	43281554	0
2272119	43283131	0
2272127	43283136	0
2272129	43283137	0
2272130	43283137	0
2272131	43283137	0
2266534	43280694	0
2266535	43280695	0
2267995	43281554	0
2272218	43283252	0
2272228	43283260	0
2272229	43283260	0
2272230	43283260	0
2272337	43283288	0
2272346	43283293	0
2272355	43283297	0
2272390	43283307	0
2272420	43283318	0
2272465	43283340	0
2272477	43283345	0
2272492	43283361	0
2266534	43280694	0
2266535	43280695	0
2272492	43283361	0
2272500	43283364	0
2272518	43283390	0
2272543	43283400	0
2266532	43280691	0
scoped_group_live_processes	[]
run_scoped_pid_absent	1
