utc_epoch	owned_descendants	scoped_group_pids
1790788010.959	2	2266534,2266535,2266541,2266667
1790788011.984	2	2266534,2266535,2266541,2267158
1790788013.005	2	2266534,2266535,2266541,2267171
1790788014.027	2	2266534,2266535,2266541,2267282
1790788015.047	2	2266534,2266535,2266541,2267298
1790788016.072	2	2266534,2266535,2266541,2267893
1790788017.094	2	2266534,2266535,2266541,2267905
1790788018.116	2	2266534,2266535,2266541,2267974
1790788019.141	2	2266534,2266535,2267995,2268588
1790788020.160	2	2266534,2266535,2267995,2268598
1790788021.180	2	2266534,2266535,2267995,2268605
1790788022.210	4	2266534,2266535,2267995,2268815,2268820,2268833
1790788023.239	4	2266534,2266535,2267995,2269496,2269524,2269528
1790788024.264	4	2266534,2266535,2267995,2269534,2269612,2269618
1790788025.292	4	2266534,2266535,2267995,2269709,2269901,2269903
1790788026.319	4	2266534,2266535,2267995,2270019,2270025,2270030
1790788027.349	4	2266534,2266535,2267995,2270019,2270025,2270625
1790788028.376	4	2266534,2266535,2267995,2270733,2270738,2270743
1790788029.401	3	2266534,2266535,2267995,2270768,2270789
1790788030.430	3	2266534,2266535,2267995,2270768,2271385
1790788031.456	3	2266534,2266535,2267995,2270768,2271389
1790788032.483	3	2266534,2266535,2267995,2270768,2271399
1790788033.514	3	2266534,2266535,2267995,2270768,2271582
1790788034.543	7	2266534,2266535,2267995,2272119,2272127,2272129,2272130,2272131,2272155
1790788035.569	6	2266534,2266535,2267995,2272218,2272228,2272229,2272230,2272232
1790788036.595	2	2266534,2266535,2272492,2272500,2272503
