generate-lockfile	0	expected=0
net_metadata_serde-net_connect	0	expected=0
net_metadata_serde-net_listen	0	expected=0
net_metadata_serde-net_reads	0	expected=0
net_metadata_serde-net_writes	0	expected=0
net_metadata_serde-net_metadata	0	expected=0
net_only_i32_no_float-net_connect	0	expected=0
net_only_i32_no_float-net_listen	0	expected=0
net_only_i32_no_float-net_reads	0	expected=0
net_only_i32_no_float-net_writes	0	expected=0
net_unchecked-net_connect	0	expected=0
net_unchecked-net_listen	0	expected=0
net_unchecked-net_reads	0	expected=0
net_unchecked-net_writes	0	expected=0
net_no_index_sync_metadata-net_connect	0	expected=0
net_no_index_sync_metadata-net_listen	0	expected=0
net_no_index_sync_metadata-net_reads	0	expected=0
net_no_index_sync_metadata-net_writes	0	expected=0
net_f32_float-net_connect	0	expected=0
net_f32_float-net_listen	0	expected=0
net_f32_float-net_reads	0	expected=0
net_f32_float-net_writes	0	expected=0
net_no_object-dedicated	0	expected=0
net_no_object_metadata-serde	0	expected=0
wrong-peer-byte-control	101	expected=101
restored-peer-byte-readback	0	expected=0
