utc_epoch	owned_descendants
1790789007.321	2
1790789008.359	2
1790789009.396	2
1790789010.467	4
1790789011.520	6
1790789012.588	4
1790789013.641	5
1790789014.688	4
1790789015.741	4
1790789016.790	4
1790789017.848	4
1790789018.896	3
1790789019.943	3
1790789020.998	3
1790789022.057	2
1790789023.113	2
1790789024.167	3
1790789025.217	3
1790789026.270	3
1790789027.328	3
1790789028.379	3
1790789029.445	3
1790789030.500	3
1790789031.551	3
1790789032.606	3
1790789033.662	2
1790789034.713	2
1790789035.770	3
1790789036.827	3
1790789037.875	3
1790789038.925	3
1790789039.980	3
1790789041.061	3
1790789042.117	4
1790789043.177	5
1790789044.232	3
1790789045.280	3
1790789046.334	3
1790789047.400	4
1790789048.458	3
1790789049.508	3
1790789050.555	3
1790789051.630	3
1790789052.702	3
1790789053.762	4
1790789054.815	3
1790789055.874	3
1790789056.925	3
1790789057.984	3
1790789059.043	3
1790789060.099	3
1790789061.150	3
1790789062.202	3
1790789063.256	3
1790789064.310	3
1790789065.362	3
